Image Name,Image Hash,Top Type,Top Color,Middle Type,Middle Color,Bottom Type,Bottom Color,Time Detected,TimeStamped Video URL,User ID,Original Link,Frame Interval
00e56fe49c1efcf1.jpg,00e56fe49c1efcf1,NULL,Unknown,NULL,Unknown,long_pants,black,Unknown,Unknown,Unknown,Unknown,Unknown
04539a80b8a1157e.jpg,04539a80b8a1157e,NULL,Unknown,NULL,Unknown,NULL,Unknown,Unknown,Unknown,Unknown,Unknown,Unknown
0454139ed903228e.jpg,0454139ed903228e,NULL,Unknown,NULL,Unknown,long_pants,black,Unknown,Unknown,Unknown,Unknown,Unknown
046af3d2e539f94e.jpg,046af3d2e539f94e,NULL,Unknown,NULL,Unknown,long_pants,gray,Unknown,Unknown,Unknown,Unknown,Unknown
048caac8ea8444d8.jpg,048caac8ea8444d8,NULL,Unknown,NULL,Unknown,NULL,Unknown,Unknown,Unknown,Unknown,Unknown,Unknown
0641d2ede64c1530.jpg,0641d2ede64c1530,NULL,Unknown,NULL,Unknown,NULL,Unknown,Unknown,Unknown,Unknown,Unknown,Unknown
09cbb333ec39f7a6.jpg,09cbb333ec39f7a6,NULL,Unknown,short_shirt,gray,NULL,Unknown,Unknown,Unknown,Unknown,Unknown,Unknown
0b0c41eb9adcd144.jpg,0b0c41eb9adcd144,NULL,Unknown,NULL,Unknown,NULL,Unknown,Unknown,Unknown,Unknown,Unknown,Unknown
1285c7e2e085689f.jpg,1285c7e2e085689f,NULL,Unknown,NULL,Unknown,NULL,Unknown,Unknown,Unknown,Unknown,Unknown,Unknown
19ad0584a6dd20f6.jpg,19ad0584a6dd20f6,NULL,Unknown,NULL,Unknown,long_pants,black,Unknown,Unknown,Unknown,Unknown,Unknown
1c029a58fb8249bd.jpg,1c029a58fb8249bd,NULL,Unknown,short_shirt,black,NULL,Unknown,Unknown,Unknown,Unknown,Unknown,Unknown
1cde48dafa4f6e34.jpg,1cde48dafa4f6e34,NULL,Unknown,NULL,Unknown,NULL,Unknown,Unknown,Unknown,Unknown,Unknown,Unknown
1df35f5af97e188f.jpg,1df35f5af97e188f,NULL,Unknown,NULL,Unknown,long_pants,black,Unknown,Unknown,Unknown,Unknown,Unknown
245245f0ea60a033.jpg,245245f0ea60a033,NULL,Unknown,short_shirt,black,long_pants,gray,Unknown,Unknown,Unknown,Unknown,Unknown
251810a71ea9ea10.jpg,251810a71ea9ea10,NULL,Unknown,short_shirt,gray,NULL,Unknown,Unknown,Unknown,Unknown,Unknown,Unknown
2b54a13a54e0c6f2.jpg,2b54a13a54e0c6f2,NULL,Unknown,NULL,Unknown,NULL,Unknown,Unknown,Unknown,Unknown,Unknown,Unknown
3ab35bde72deed6c.jpg,3ab35bde72deed6c,NULL,Unknown,long_shirt,black,long_pants,black,Unknown,Unknown,Unknown,Unknown,Unknown
3b12bf02aeae2b4c.jpg,3b12bf02aeae2b4c,NULL,Unknown,NULL,Unknown,NULL,Unknown,Unknown,Unknown,Unknown,Unknown,Unknown
3b7a081d81bb7b4b.jpg,3b7a081d81bb7b4b,short_hair,Unknown,NULL,Unknown,NULL,Unknown,Unknown,Unknown,Unknown,Unknown,Unknown
3d8777525b0222a0.jpg,3d8777525b0222a0,NULL,Unknown,NULL,Unknown,NULL,Unknown,Unknown,Unknown,Unknown,Unknown,Unknown
4358c83df8c0fb7c.jpg,4358c83df8c0fb7c,NULL,Unknown,NULL,Unknown,long_pants,black,Unknown,Unknown,Unknown,Unknown,Unknown
43de1ff5d76622ea.jpg,43de1ff5d76622ea,NULL,Unknown,NULL,Unknown,short_pants,black,Unknown,Unknown,Unknown,Unknown,Unknown
43f142950e90a6df.jpg,43f142950e90a6df,NULL,Unknown,NULL,Unknown,NULL,Unknown,Unknown,Unknown,Unknown,Unknown,Unknown
444e5d424757d805.jpg,444e5d424757d805,NULL,Unknown,NULL,Unknown,NULL,Unknown,Unknown,Unknown,Unknown,Unknown,Unknown
4aafa979329843cf.jpg,4aafa979329843cf,NULL,Unknown,short_shirt,gray,short_pants,black,Unknown,Unknown,Unknown,Unknown,Unknown
4cf405ceba3fa451.jpg,4cf405ceba3fa451,NULL,Unknown,NULL,Unknown,long_pants,black,Unknown,Unknown,Unknown,Unknown,Unknown
4d8d15e99e59633a.jpg,4d8d15e99e59633a,NULL,black,short_shirt,gray,long_pants,black,Unknown,Unknown,Unknown,Unknown,Unknown
4fdfa9be48f603b0.jpg,4fdfa9be48f603b0,NULL,Unknown,sleeveless_shirt,gray,long_pants,black,Unknown,Unknown,Unknown,Unknown,Unknown
508588b4838e779a.jpg,508588b4838e779a,NULL,Unknown,NULL,Unknown,long_pants,gray,Unknown,Unknown,Unknown,Unknown,Unknown
519096cbe74eee26.jpg,519096cbe74eee26,short_hair,Unknown,NULL,Unknown,NULL,Unknown,Unknown,Unknown,Unknown,Unknown,Unknown
5217e50fe45c8b53.jpg,5217e50fe45c8b53,NULL,unnatural,NULL,Unknown,NULL,Unknown,Unknown,Unknown,Unknown,Unknown,Unknown
554db9503e4306b6.jpg,554db9503e4306b6,NULL,Unknown,NULL,Unknown,NULL,Unknown,Unknown,Unknown,Unknown,Unknown,Unknown
5ca7e0a45e1a6462.jpg,5ca7e0a45e1a6462,NULL,Unknown,NULL,Unknown,long_pants,black,Unknown,Unknown,Unknown,Unknown,Unknown
5eabb70513178ce1.jpg,5eabb70513178ce1,NULL,black,NULL,Unknown,NULL,Unknown,Unknown,Unknown,Unknown,Unknown,Unknown
6011559b874e737d.jpg,6011559b874e737d,NULL,Unknown,NULL,Unknown,NULL,Unknown,Unknown,Unknown,Unknown,Unknown,Unknown
626c48dbdbd387d5.jpg,626c48dbdbd387d5,NULL,Unknown,NULL,Unknown,NULL,Unknown,Unknown,Unknown,Unknown,Unknown,Unknown
666bfaee383b7475.jpg,666bfaee383b7475,NULL,Unknown,NULL,Unknown,NULL,Unknown,Unknown,Unknown,Unknown,Unknown,Unknown
69909efdd8a044b3.jpg,69909efdd8a044b3,NULL,Unknown,NULL,Unknown,NULL,Unknown,Unknown,Unknown,Unknown,Unknown,Unknown
6c629744f03a0463.jpg,6c629744f03a0463,NULL,Unknown,NULL,Unknown,NULL,Unknown,Unknown,Unknown,Unknown,Unknown,Unknown
6cb873a1b184d99c.jpg,6cb873a1b184d99c,NULL,Unknown,NULL,Unknown,long_pants,black,Unknown,Unknown,Unknown,Unknown,Unknown
71e47e23dfb90aef.jpg,71e47e23dfb90aef,short_hair,black,long_shirt,gray,long_pants,black,Unknown,Unknown,Unknown,Unknown,Unknown
790bdb8c7229e930.jpg,790bdb8c7229e930,NULL,Unknown,NULL,Unknown,NULL,Unknown,Unknown,Unknown,Unknown,Unknown,Unknown
798becc774afd195.jpg,798becc774afd195,NULL,Unknown,NULL,Unknown,NULL,Unknown,Unknown,Unknown,Unknown,Unknown,Unknown
79a675e40a405764.jpg,79a675e40a405764,NULL,black,short_shirt,gray,NULL,Unknown,Unknown,Unknown,Unknown,Unknown,Unknown
7e023a137c8cc291.jpg,7e023a137c8cc291,NULL,Unknown,NULL,Unknown,long_pants,gray,Unknown,Unknown,Unknown,Unknown,Unknown
87f0d68709daedff.jpg,87f0d68709daedff,NULL,Unknown,NULL,Unknown,long_pants,black,Unknown,Unknown,Unknown,Unknown,Unknown
895106575db3c40f.jpg,895106575db3c40f,NULL,Unknown,NULL,Unknown,NULL,Unknown,Unknown,Unknown,Unknown,Unknown,Unknown
8a420c9968cddb5f.jpg,8a420c9968cddb5f,NULL,black,short_shirt,black,NULL,Unknown,Unknown,Unknown,Unknown,Unknown,Unknown
8daad0e7e9ca6c1b.jpg,8daad0e7e9ca6c1b,NULL,black,NULL,Unknown,long_pants,gray,Unknown,Unknown,Unknown,Unknown,Unknown
9035e0eb7de8e50b.jpg,9035e0eb7de8e50b,NULL,Unknown,NULL,Unknown,long_pants,black,Unknown,Unknown,Unknown,Unknown,Unknown
909c473f53aa35e6.jpg,909c473f53aa35e6,NULL,Unknown,NULL,Unknown,NULL,Unknown,Unknown,Unknown,Unknown,Unknown,Unknown
9179e51e65d434cf.jpg,9179e51e65d434cf,NULL,black,NULL,Unknown,NULL,Unknown,Unknown,Unknown,Unknown,Unknown,Unknown
91b326279ac01040.jpg,91b326279ac01040,NULL,black,short_shirt,black,NULL,Unknown,Unknown,Unknown,Unknown,Unknown,Unknown
92c63d82ba956748.jpg,92c63d82ba956748,NULL,Unknown,NULL,Unknown,NULL,Unknown,Unknown,Unknown,Unknown,Unknown,Unknown
93dc49e0a5d4808e.jpg,93dc49e0a5d4808e,NULL,Unknown,NULL,Unknown,NULL,Unknown,Unknown,Unknown,Unknown,Unknown,Unknown
94e93a5932ca4781.jpg,94e93a5932ca4781,short_hair,Unknown,NULL,Unknown,NULL,Unknown,Unknown,Unknown,Unknown,Unknown,Unknown
95305cfa0fd02629.jpg,95305cfa0fd02629,NULL,Unknown,NULL,Unknown,NULL,Unknown,Unknown,Unknown,Unknown,Unknown,Unknown
9543682afcf777aa.jpg,9543682afcf777aa,NULL,Unknown,long_shirt,black,NULL,Unknown,Unknown,Unknown,Unknown,Unknown,Unknown
97ff24524dd1b5ee.jpg,97ff24524dd1b5ee,NULL,Unknown,NULL,Unknown,NULL,Unknown,Unknown,Unknown,Unknown,Unknown,Unknown
a182d6be16f425ba.jpg,a182d6be16f425ba,NULL,Unknown,short_shirt,black,NULL,Unknown,Unknown,Unknown,Unknown,Unknown,Unknown
a1ae0261828a885d.jpg,a1ae0261828a885d,NULL,Unknown,NULL,Unknown,NULL,Unknown,Unknown,Unknown,Unknown,Unknown,Unknown
a494207165bb3970.jpg,a494207165bb3970,NULL,Unknown,NULL,Unknown,NULL,Unknown,Unknown,Unknown,Unknown,Unknown,Unknown
a58d6615c7dfd2f8.jpg,a58d6615c7dfd2f8,NULL,Unknown,short_shirt,black,NULL,Unknown,Unknown,Unknown,Unknown,Unknown,Unknown
a6e594bc84980e04.jpg,a6e594bc84980e04,NULL,Unknown,NULL,Unknown,NULL,Unknown,Unknown,Unknown,Unknown,Unknown,Unknown
a6faf4bd0ca7047c.jpg,a6faf4bd0ca7047c,NULL,Unknown,short_shirt,black,NULL,Unknown,Unknown,Unknown,Unknown,Unknown,Unknown
a9b406413aaa3d6e.jpg,a9b406413aaa3d6e,NULL,Unknown,NULL,Unknown,NULL,Unknown,Unknown,Unknown,Unknown,Unknown,Unknown
ac769e5ec42a83c8.jpg,ac769e5ec42a83c8,NULL,Unknown,short_shirt,gray,short_pants,black,Unknown,Unknown,Unknown,Unknown,Unknown
acf369006eae4328.jpg,acf369006eae4328,NULL,Unknown,NULL,Unknown,NULL,Unknown,Unknown,Unknown,Unknown,Unknown,Unknown
ade7c95a7aeef898.jpg,ade7c95a7aeef898,NULL,Unknown,NULL,Unknown,NULL,Unknown,Unknown,Unknown,Unknown,Unknown,Unknown
adf203d12d38e7e1.jpg,adf203d12d38e7e1,NULL,Unknown,NULL,Unknown,long_pants,black,Unknown,Unknown,Unknown,Unknown,Unknown
aee80f4d4d1def86.jpg,aee80f4d4d1def86,NULL,Unknown,NULL,Unknown,NULL,Unknown,Unknown,Unknown,Unknown,Unknown,Unknown
af0a1b1ff6012513.jpg,af0a1b1ff6012513,NULL,Unknown,NULL,Unknown,NULL,Unknown,Unknown,Unknown,Unknown,Unknown,Unknown
b08a32cd06fdc23f.jpg,b08a32cd06fdc23f,short_hair,Unknown,NULL,Unknown,NULL,Unknown,Unknown,Unknown,Unknown,Unknown,Unknown
b5061e2ea9e49e77.jpg,b5061e2ea9e49e77,NULL,Unknown,NULL,Unknown,NULL,Unknown,Unknown,Unknown,Unknown,Unknown,Unknown
b58fc0b6d3a0f1c0.jpg,b58fc0b6d3a0f1c0,NULL,Unknown,long_shirt,gray,NULL,Unknown,Unknown,Unknown,Unknown,Unknown,Unknown
ba5db1ce96144293.jpg,ba5db1ce96144293,short_hair,black,long_shirt,black,NULL,Unknown,Unknown,Unknown,Unknown,Unknown,Unknown
bed3b8f62a455da9.jpg,bed3b8f62a455da9,short_hair,black,NULL,Unknown,NULL,Unknown,Unknown,Unknown,Unknown,Unknown,Unknown
bef1e8e601f4db5f.jpg,bef1e8e601f4db5f,NULL,Unknown,NULL,Unknown,NULL,Unknown,Unknown,Unknown,Unknown,Unknown,Unknown
c42a549901e3b692.jpg,c42a549901e3b692,NULL,Unknown,NULL,Unknown,long_pants,gray,Unknown,Unknown,Unknown,Unknown,Unknown
c52c43a5162b3d10.jpg,c52c43a5162b3d10,short_hair,Unknown,NULL,Unknown,short_pants,black,Unknown,Unknown,Unknown,Unknown,Unknown
c7741b30e524afe6.jpg,c7741b30e524afe6,NULL,Unknown,NULL,Unknown,NULL,Unknown,Unknown,Unknown,Unknown,Unknown,Unknown
caaff7f297f7fd86.jpg,caaff7f297f7fd86,NULL,Unknown,NULL,Unknown,NULL,Unknown,Unknown,Unknown,Unknown,Unknown,Unknown
caf6603090eb82f9.jpg,caf6603090eb82f9,NULL,Unknown,NULL,Unknown,long_pants,gray,Unknown,Unknown,Unknown,Unknown,Unknown
cdf0243124468926.jpg,cdf0243124468926,NULL,Unknown,NULL,Unknown,long_pants,gray,Unknown,Unknown,Unknown,Unknown,Unknown
d084e4cea16cf5a1.jpg,d084e4cea16cf5a1,NULL,Unknown,NULL,Unknown,NULL,Unknown,Unknown,Unknown,Unknown,Unknown,Unknown
d4bf8028b29d7a7e.jpg,d4bf8028b29d7a7e,NULL,Unknown,NULL,Unknown,NULL,Unknown,Unknown,Unknown,Unknown,Unknown,Unknown
d68300ab201440eb.jpg,d68300ab201440eb,NULL,Unknown,NULL,Unknown,NULL,Unknown,Unknown,Unknown,Unknown,Unknown,Unknown
d91c66502fd1d640.jpg,d91c66502fd1d640,NULL,black,NULL,Unknown,NULL,Unknown,Unknown,Unknown,Unknown,Unknown,Unknown
da0ee9df2284e73b.jpg,da0ee9df2284e73b,NULL,Unknown,NULL,Unknown,long_pants,gray,Unknown,Unknown,Unknown,Unknown,Unknown
da78fb5d546f1823.jpg,da78fb5d546f1823,long_hair,Unknown,NULL,Unknown,NULL,Unknown,Unknown,Unknown,Unknown,Unknown,Unknown
db0302cbc73c1df4.jpg,db0302cbc73c1df4,NULL,Unknown,short_shirt,black,NULL,Unknown,Unknown,Unknown,Unknown,Unknown,Unknown
db9bf55d6a45aa7b.jpg,db9bf55d6a45aa7b,NULL,Unknown,sleeveless_shirt,gray,long_pants,gray,Unknown,Unknown,Unknown,Unknown,Unknown
dc1f7fc6b22b06e7.jpg,dc1f7fc6b22b06e7,NULL,Unknown,NULL,Unknown,NULL,Unknown,Unknown,Unknown,Unknown,Unknown,Unknown
de512570d84c28f7.jpg,de512570d84c28f7,NULL,Unknown,NULL,Unknown,long_pants,gray,Unknown,Unknown,Unknown,Unknown,Unknown
dec31fc4d276efff.jpg,dec31fc4d276efff,NULL,Unknown,short_shirt,black,long_pants,gray,Unknown,Unknown,Unknown,Unknown,Unknown
df96d88f0e122027.jpg,df96d88f0e122027,NULL,Unknown,NULL,Unknown,NULL,Unknown,Unknown,Unknown,Unknown,Unknown,Unknown
e0c3b2b92c8ff68a.jpg,e0c3b2b92c8ff68a,NULL,Unknown,NULL,Unknown,NULL,Unknown,Unknown,Unknown,Unknown,Unknown,Unknown
e1eebfe6761cbf27.jpg,e1eebfe6761cbf27,NULL,Unknown,NULL,Unknown,NULL,Unknown,Unknown,Unknown,Unknown,Unknown,Unknown
e24244438f31f826.jpg,e24244438f31f826,NULL,Unknown,short_shirt,black,NULL,Unknown,Unknown,Unknown,Unknown,Unknown,Unknown
e753f7125bcfada2.jpg,e753f7125bcfada2,NULL,Unknown,NULL,Unknown,NULL,Unknown,Unknown,Unknown,Unknown,Unknown,Unknown
ec0d2c433d61c494.jpg,ec0d2c433d61c494,NULL,Unknown,NULL,Unknown,NULL,Unknown,Unknown,Unknown,Unknown,Unknown,Unknown
edefdb9e0275aeaa.jpg,edefdb9e0275aeaa,NULL,Unknown,NULL,Unknown,NULL,Unknown,Unknown,Unknown,Unknown,Unknown,Unknown
f1964efc3de5d691.jpg,f1964efc3de5d691,NULL,Unknown,short_shirt,black,NULL,Unknown,Unknown,Unknown,Unknown,Unknown,Unknown
f2824f9be7622519.jpg,f2824f9be7622519,NULL,Unknown,long_shirt,black,NULL,Unknown,Unknown,Unknown,Unknown,Unknown,Unknown
f4de4a31e6cb07d5.jpg,f4de4a31e6cb07d5,NULL,Unknown,NULL,Unknown,long_pants,gray,Unknown,Unknown,Unknown,Unknown,Unknown
fba4b2c8934ae667.jpg,fba4b2c8934ae667,NULL,Unknown,short_shirt,black,NULL,Unknown,Unknown,Unknown,Unknown,Unknown,Unknown
fc1c79aff02b1c48.jpg,fc1c79aff02b1c48,NULL,Unknown,NULL,Unknown,NULL,Unknown,Unknown,Unknown,Unknown,Unknown,Unknown
fea9549ed902a36d.jpg,fea9549ed902a36d,NULL,Unknown,long_shirt,black,long_pants,black,Unknown,Unknown,Unknown,Unknown,Unknown
ff3d14a24afc76eb.jpg,ff3d14a24afc76eb,NULL,Unknown,NULL,Unknown,NULL,Unknown,Unknown,Unknown,Unknown,Unknown,Unknown
ffbd2b2126aec9cd.jpg,ffbd2b2126aec9cd,NULL,black,NULL,Unknown,NULL,Unknown,Unknown,Unknown,Unknown,Unknown,Unknown
